,Order
eRNA_chr20_47763750_47764130_minus,1
eRNA_chr11_2826640_2829460_plus,2
eRNA_chr6_41694020_41695500_minus,3
eRNA_chr9_113571180_113573950_plus,4
DEG_ENSG00000048162.20,5
eRNA_chr1_156496420_156498550_minus,6
eRNA_chr17_77384530_77385290_plus,7
eRNA_chr12_120008780_120013460_plus,8
DEG_ENSG00000186792.16,9
DEG_ENSG00000135318.11,10
eRNA_chr6_90127660_90128000_minus,11
DEG_ENSG00000144029.11,12
DEG_ENSG00000185896.10,13
DEG_ENSG00000108582.11,14
eRNA_chr14_64760860_64761030_plus,15
DEG_ENSG00000273472.1,16
DEG_ENSG00000179841.8,17
DEG_ENSG00000281376.1,17
eRNA_chr7_23600510_23600650_plus,18
eRNA_chr20_56463320_56463480_plus,19
DEG_ENSG00000254928.1,20
eRNA_chr9_112302900_112303260_minus,20
DEG_ENSG00000267575.6,21
DEG_ENSG00000183666.16,22
DEG_ENSG00000159335.15,22
DEG_ENSG00000211938.2,23
eRNA_chr20_32471530_32472220_minus,24
DEG_ENSG00000275158.1,25
eRNA_chr11_116929520_116929640_minus,25
eRNA_chr3_188755280_188757440_plus,26
eRNA_chr9_131998370_131999610_minus,26
eRNA_chr8_120785200_120787150_minus,26
DEG_ENSG00000231705.1,27
DEG_ENSG00000176076.7,28
eRNA_chr8_19415340_19415560_minus,28
circRNA_chr14_72981788_72993357_minus,28
DEG_ENSG00000143537.13,29
DEG_ENSG00000272361.2,30
eRNA_chr15_84814680_84814810_plus,30
DEG_ENSG00000130600.18,31
eRNA_chr1_59550240_59550630_plus,32
eRNA_chr4_70714090_70714630_plus,33
DEG_ENSG00000269293.2,34
eRNA_chr17_14149690_14150250_plus,34
eRNA_chr4_38512110_38512410_plus,34
eRNA_chr2_231059280_231059750_plus,35
eRNA_chr7_92752030_92752200_minus,35
DEG_ENSG00000259318.1,36
DEG_ENSG00000204323.5,37
eRNA_chr3_27393540_27393690_minus,37
eRNA_chr6_7200910_7201230_plus,37
DEG_ENSG00000101004.14,38
eRNA_chr14_68096380_68097090_plus,39
eRNA_chr8_60916480_60916970_plus,39
eRNA_chr17_14333410_14333850_plus,40
eRNA_chr2_106127720_106127850_minus,40
DEG_ENSG00000177873.12,41
DEG_ENSG00000277423.1,41
DEG_ENSG00000243385.2,41
DEG_ENSG00000270175.1,41
eRNA_chr2_28038410_28039200_plus,41
eRNA_chr16_78777460_78777900_plus,41
DEG_ENSG00000100116.16,42
DEG_ENSG00000272810.1,43
eRNA_chr1_25464880_25467550_plus,43
eRNA_chr8_28942200_28942620_plus,43
eRNA_chr21_14995320_14995460_minus,43
eRNA_chr7_141553570_141553900_plus,43
eRNA_chr3_99824450_99824710_plus,43
eRNA_chr11_61116760_61117020_plus,43
DEG_ENSG00000124762.13,44
DEG_ENSG00000238243.3,45
eRNA_chr18_77001250_77001370_minus,45
eRNA_chr13_45184830_45185310_plus,45
eRNA_chr12_47239330_47239670_plus,45
DEG_ENSG00000167674.14,46
eRNA_chr8_96263440_96264270_plus,46
circRNA_chr8_38943788_38946221_plus,46
eRNA_chr12_68787830_68788020_plus,47
DEG_ENSG00000105647.16,48
eRNA_chr6_143690280_143691400_plus,48
DEG_ENSG00000285931.1,49
DEG_ENSG00000279491.1,49
DEG_ENSG00000241868.3,50
DEG_ENSG00000221988.12,50
DEG_ENSG00000189060.5,50
DEG_ENSG00000166140.17,50
eRNA_chr4_159189860_159192530_plus,50
eRNA_chr12_100134050_100135700_minus,50
eRNA_chr14_68367550_68367960_plus,50
DEG_ENSG00000236810.5,51
DEG_ENSG00000269976.1,51
eRNA_chr7_42906090_42906310_minus,51
eRNA_chr16_69191990_69192670_plus,51
eRNA_chr3_58116210_58116620_plus,51
eRNA_chr10_101467040_101467210_plus,51
circRNA_chr17_39709812_39715939_plus,51
circRNA_chr4_168400825_168458008_minus,51
DEG_ENSG00000281883.1,52
DEG_ENSG00000226842.1,52
DEG_ENSG00000256298.1,52
DEG_ENSG00000171295.12,52
DEG_ENSG00000249316.2,52
eRNA_chr5_142798370_142798480_minus,52
eRNA_chr7_44461260_44461700_minus,52
eRNA_chr17_80738940_80739690_plus,52
eRNA_chr7_92653480_92653770_minus,52
circRNA_chr19_17101659_17102557_plus,52
DEG_ENSG00000267340.1,53
DEG_ENSG00000243660.9,53
DEG_ENSG00000261359.2,53
eRNA_chr5_89441030_89441220_plus,53
eRNA_chr6_31396180_31396300_minus,53
eRNA_chr14_94412960_94423230_plus,53
eRNA_chr12_111853600_111855100_plus,53
eRNA_chr1_61141550_61141740_plus,53
DEG_ENSG00000142156.14,54
DEG_ENSG00000253736.2,54
DEG_ENSG00000277579.1,54
eRNA_chr20_23061640_23061870_minus,54
eRNA_chr2_70501230_70502210_minus,54
eRNA_chr17_68437040_68437890_plus,54
eRNA_chr11_9162320_9163270_minus,54
eRNA_chr2_190352170_190352360_plus,54
circRNA_chrX_148661907_148662768_plus,54
DEG_ENSG00000253519.1,55
DEG_ENSG00000259349.1,55
DEG_ENSG00000250687.6,55
DEG_ENSG00000103047.7,55
DEG_ENSG00000232310.7,55
eRNA_chr17_44114490_44115020_minus,55
eRNA_chr2_239262470_239263240_minus,55
eRNA_chr8_123028920_123029060_minus,55
DEG_ENSG00000111490.13,56
DEG_ENSG00000249392.1,56
DEG_ENSG00000233527.8,56
DEG_ENSG00000237359.1,56
DEG_ENSG00000184900.15,56
DEG_ENSG00000244139.3,56
DEG_ENSG00000272269.1,56
eRNA_chr11_46127130_46127610_plus,56
eRNA_chrX_120451930_120452640_minus,56
eRNA_chr6_87644500_87645490_plus,56
eRNA_chr21_31698500_31698970_minus,56
eRNA_chr3_158724010_158724630_plus,56
eRNA_chr13_113204550_113204820_minus,56
eRNA_chr1_28415180_28415810_plus,56
eRNA_chr7_92638320_92638500_minus,56
eRNA_chr12_120046600_120046830_plus,56
circRNA_chr4_1900625_1935262_plus,56
DEG_ENSG00000270544.1,57
DEG_ENSG00000110911.15,57
DEG_ENSG00000243417.1,57
DEG_ENSG00000118513.18,57
DEG_ENSG00000113303.11,57
DEG_ENSG00000130023.15,57
DEG_ENSG00000089006.16,57
eRNA_chr14_77038490_77038620_minus,57
eRNA_chr2_109212900_109213180_plus,57
eRNA_chr1_51665650_51665890_plus,57
eRNA_chr2_70509170_70510080_minus,57
eRNA_chr22_42208330_42208610_minus,57
eRNA_chr17_60651600_60653680_plus,57
eRNA_chr7_24960490_24960970_minus,57
eRNA_chr4_53039680_53039940_minus,57
circRNA_chr19_45521321_45522818_plus,57
DEG_ENSG00000248719.1,58
DEG_ENSG00000120215.9,58
DEG_ENSG00000264160.1,58
DEG_ENSG00000277161.1,58
DEG_ENSG00000168575.9,58
eRNA_chr10_3470960_3471190_plus,58
eRNA_chr2_63256780_63258510_plus,58
eRNA_chr9_114393520_114393650_minus,58
eRNA_chr1_51664270_51664510_plus,58
eRNA_chr14_102388990_102399890_plus,58
eRNA_chr3_32473770_32475180_minus,58
eRNA_chr10_7232940_7233080_minus,58
eRNA_chr6_127833420_127834570_minus,58
DEG_ENSG00000274068.1,59
DEG_ENSG00000258137.5,59
DEG_ENSG00000235159.1,59
DEG_ENSG00000243702.3,59
eRNA_chr22_21830090_21830220_plus,59
eRNA_chrX_21943700_21944450_plus,59
eRNA_chr7_92697930_92698170_minus,59
circRNA_chr19_11335446_11335783_minus,59
circRNA_chr1_20969473_20981227_minus,59
DEG_ENSG00000254812.1,60
DEG_ENSG00000277371.1,60
DEG_ENSG00000002016.17,60
DEG_ENSG00000204392.10,60
DEG_ENSG00000254396.1,60
eRNA_chr8_120793220_120793710_minus,60
DEG_ENSG00000200855.1,61
DEG_ENSG00000277771.1,61
DEG_ENSG00000241547.1,61
DEG_ENSG00000198671.3,61
DEG_ENSG00000276997.4,61
DEG_ENSG00000130695.15,61
DEG_ENSG00000066294.14,61
DEG_ENSG00000024422.11,61
eRNA_chr12_89441060_89441800_plus,61
eRNA_chr16_66224120_66224250_minus,61
eRNA_chr5_180046920_180047050_minus,61
eRNA_chr14_68918950_68920460_minus,61
eRNA_chr7_36865080_36866200_minus,61
eRNA_chr7_37262200_37263000_minus,61
eRNA_chr2_106114480_106115870_minus,61
eRNA_chr4_113643290_113644020_minus,61
eRNA_chr8_120780640_120782490_minus,61
eRNA_chr4_25752920_25753640_minus,61
DEG_ENSG00000205537.2,62
DEG_ENSG00000114054.13,62
DEG_ENSG00000165175.15,62
DEG_ENSG00000268734.1,62
DEG_ENSG00000131844.15,62
DEG_ENSG00000114656.11,62
DEG_ENSG00000270558.1,62
DEG_ENSG00000229196.3,62
DEG_ENSG00000285730.1,62
eRNA_chr9_89383400_89383530_plus,62
eRNA_chr22_36873410_36873570_plus,62
eRNA_chr12_10244200_10244340_plus,62
eRNA_chr5_140284740_140285230_plus,62
eRNA_chr12_7917220_7917660_minus,62
eRNA_chr3_155119700_155133620_plus,62
eRNA_chr1_116562330_116563030_minus,62
eRNA_chr7_37264460_37266630_minus,62
eRNA_chr4_73274370_73275910_plus,62
circRNA_chr2_218385146_218387955_plus,62
DEG_ENSG00000146955.10,63
DEG_ENSG00000266922.1,63
DEG_ENSG00000204345.1,63
DEG_ENSG00000260086.2,63
DEG_ENSG00000246225.6,63
DEG_ENSG00000119640.8,63
eRNA_chr7_102898660_102898790_minus,63
eRNA_chr1_21337730_21337840_minus,63
eRNA_chr16_66222400_66223260_minus,63
eRNA_chr12_98637970_98638140_minus,63
eRNA_chr8_122858920_122859780_plus,63
eRNA_chr11_72740740_72740850_minus,63
eRNA_chr5_91182130_91183540_minus,63
eRNA_chr11_126418170_126419370_plus,63
eRNA_chr7_130985380_130985670_minus,63
eRNA_chr14_73327230_73327880_minus,63
eRNA_chr17_80928510_80929500_plus,63
eRNA_chr16_81003780_81004030_minus,63
eRNA_chr2_198032180_198032660_plus,63
eRNA_chr8_59017010_59017130_minus,63
DEG_ENSG00000271554.1,64
DEG_ENSG00000162396.5,64
DEG_ENSG00000115946.7,64
DEG_ENSG00000278861.1,64
DEG_ENSG00000143157.11,64
DEG_ENSG00000161981.10,64
DEG_ENSG00000270640.1,64
DEG_ENSG00000226756.1,64
DEG_ENSG00000141086.17,64
eRNA_chr5_150502330_150502460_plus,64
eRNA_chr10_119360120_119360290_plus,64
eRNA_chr15_58506420_58506670_minus,64
eRNA_chr15_69757870_69763640_plus,64
eRNA_chr22_42898390_42898880_minus,64
eRNA_chr6_136716170_136716330_minus,64
eRNA_chr6_17869100_17872000_minus,64
eRNA_chr10_132652170_132664930_plus,64
circRNA_chr7_75162325_75163019_minus,64
circRNA_chr9_92975237_92976709_plus,64
circRNA_chr16_11020192_11061022_plus,64
circRNA_chr15_41356038_41377304_plus,64
DEG_ENSG00000234034.1,65
DEG_ENSG00000277463.1,65
DEG_ENSG00000051620.10,65
DEG_ENSG00000165046.12,65
DEG_ENSG00000259225.6,65
DEG_ENSG00000234638.1,65
DEG_ENSG00000146540.14,65
DEG_ENSG00000103196.11,65
DEG_ENSG00000241286.2,65
DEG_ENSG00000276770.1,65
DEG_ENSG00000059588.9,65
DEG_ENSG00000177272.8,65
DEG_ENSG00000103194.15,65
DEG_ENSG00000248559.1,65
DEG_ENSG00000283050.1,65
DEG_ENSG00000271734.1,65
eRNA_chrX_17689530_17691110_plus,65
eRNA_chr4_184357830_184359140_minus,65
eRNA_chr5_150789110_150790770_plus,65
eRNA_chr3_119832780_119833420_minus,65
eRNA_chr3_57761910_57770860_plus,65
eRNA_chr8_116703220_116704580_minus,65
eRNA_chr14_67965410_67974730_plus,65
eRNA_chr2_62011260_62013020_plus,65
eRNA_chr7_92754220_92755350_minus,65
eRNA_chr18_63143400_63148280_minus,65
circRNA_chr2_226864603_226867318_plus,65
DEG_ENSG00000183172.8,66
DEG_ENSG00000264251.2,66
DEG_ENSG00000203288.3,66
DEG_ENSG00000166788.9,66
DEG_ENSG00000202374.1,66
DEG_ENSG00000260267.1,66
DEG_ENSG00000120658.13,66
DEG_ENSG00000282602.1,66
DEG_ENSG00000179526.16,66
DEG_ENSG00000126249.7,66
DEG_ENSG00000274008.1,66
DEG_ENSG00000263529.2,66
eRNA_chr2_218370750_218371550_plus,66
eRNA_chr10_6204630_6206400_plus,66
eRNA_chr3_52226670_52226780_minus,66
eRNA_chr7_112448100_112449200_plus,66
eRNA_chr16_3821940_3822230_minus,66
eRNA_chr11_9208600_9208830_minus,66
eRNA_chr17_62624520_62626370_plus,66
eRNA_chr3_58340510_58349260_plus,66
eRNA_chr3_4631020_4634130_plus,66
eRNA_chr8_116730090_116730530_minus,66
eRNA_chr16_78841570_78847320_plus,66
eRNA_chr13_74017780_74017980_minus,66
circRNA_chr8_132727797_132757294_minus,66
circRNA_chr15_65752378_65761438_minus,66
circRNA_chr5_97101758_97103094_plus,66
DEG_ENSG00000139890.9,67
DEG_ENSG00000212743.2,67
DEG_ENSG00000235051.3,67
DEG_ENSG00000273306.1,67
DEG_ENSG00000200731.1,67
DEG_ENSG00000108559.11,67
DEG_ENSG00000283525.1,67
DEG_ENSG00000019144.18,67
DEG_ENSG00000240203.3,67
DEG_ENSG00000226985.6,67
DEG_ENSG00000277449.1,67
DEG_ENSG00000145982.12,67
eRNA_chr20_60055000_60055200_plus,67
eRNA_chr15_69724680_69725110_plus,67
eRNA_chr9_77960260_77960690_plus,67
eRNA_chr11_9161960_9162110_minus,67
eRNA_chr11_72744260_72744590_minus,67
eRNA_chr5_100572780_100575170_plus,67
eRNA_chr17_64830410_64830840_minus,67
eRNA_chr14_92697130_92699600_plus,67
eRNA_chr14_77518740_77519150_minus,67
eRNA_chr8_120783960_120784630_minus,67
eRNA_chr5_151114740_151115120_minus,67
eRNA_chr20_38985680_38986110_plus,67
eRNA_chr5_14444820_14445190_plus,67
eRNA_chr6_90033810_90034180_minus,67
circRNA_chr19_45517662_45518094_plus,67
DEG_ENSG00000244436.2,68
DEG_ENSG00000275401.1,68
DEG_ENSG00000264701.1,68
DEG_ENSG00000254328.1,68
DEG_ENSG00000231955.1,68
DEG_ENSG00000198556.13,68
DEG_ENSG00000172164.14,68
DEG_ENSG00000115758.12,68
DEG_ENSG00000260038.1,68
DEG_ENSG00000262227.1,68
DEG_ENSG00000247624.6,68
DEG_ENSG00000110721.11,68
DEG_ENSG00000224100.1,68
DEG_ENSG00000115289.13,68
DEG_ENSG00000137270.10,68
DEG_ENSG00000177283.7,68
eRNA_chr1_153386790_153387090_plus,68
eRNA_chr3_46089640_46089850_minus,68
eRNA_chr16_11416950_11417060_minus,68
eRNA_chr10_6289390_6292200_plus,68
eRNA_chr4_83549030_83549390_plus,68
eRNA_chr20_1858280_1861550_minus,68
eRNA_chr20_47695190_47696340_minus,68
eRNA_chr9_112446110_112448260_plus,68
eRNA_chr1_176187450_176189690_minus,68
eRNA_chr10_92990350_92992480_plus,68
eRNA_chr7_36871180_36874340_minus,68
eRNA_chr4_4453170_4456680_minus,68
eRNA_chr12_45230850_45249290_plus,68
eRNA_chr8_120677370_120681780_minus,68
eRNA_chr6_158803700_158804500_minus,68
eRNA_chr10_59809410_59809720_minus,68
eRNA_chr1_101032940_101042040_plus,68
eRNA_chr7_105674210_105674320_minus,68
eRNA_chr12_93416760_93417160_minus,68
eRNA_chr6_127859570_127860660_minus,68
eRNA_chr7_92762160_92762310_minus,68
eRNA_chr16_78915670_78917350_plus,68
DEG_ENSG00000135378.3,69
DEG_ENSG00000146122.16,69
DEG_ENSG00000272829.1,69
DEG_ENSG00000262265.2,69
DEG_ENSG00000276136.1,69
DEG_ENSG00000275527.1,69
DEG_ENSG00000272021.1,69
DEG_ENSG00000236785.1,69
DEG_ENSG00000100218.11,69
DEG_ENSG00000263944.2,69
DEG_ENSG00000261043.5,69
DEG_ENSG00000201573.1,69
DEG_ENSG00000143226.13,69
DEG_ENSG00000167994.11,69
DEG_ENSG00000254694.1,69
DEG_ENSG00000168159.11,69
DEG_ENSG00000153560.11,69
DEG_ENSG00000249532.5,69
DEG_ENSG00000273473.1,69
DEG_ENSG00000013523.9,69
DEG_ENSG00000273333.2,69
DEG_ENSG00000214954.8,69
DEG_ENSG00000141759.14,69
DEG_ENSG00000184434.7,69
DEG_ENSG00000096063.15,69
DEG_ENSG00000129187.14,69
DEG_ENSG00000233746.1,69
DEG_ENSG00000149212.11,69
eRNA_chr14_68932350_68932610_minus,69
eRNA_chrX_17549620_17550620_plus,69
eRNA_chr16_84598300_84598780_plus,69
eRNA_chr22_42418830_42420170_minus,69
eRNA_chr5_140184150_140186640_plus,69
eRNA_chr19_904200_904400_minus,69
eRNA_chr3_39149580_39149980_minus,69
eRNA_chr15_79903120_79903460_minus,69
eRNA_chr10_30853410_30853690_minus,69
eRNA_chr6_134217410_134217980_minus,69
eRNA_chr6_136564910_136565350_minus,69
eRNA_chr1_15869890_15871090_plus,69
eRNA_chr22_40293680_40296480_plus,69
eRNA_chr10_75135620_75139460_plus,69
eRNA_chrX_19556240_19558190_minus,69
eRNA_chr15_75860680_75866630_plus,69
eRNA_chr9_6952500_6962740_plus,69
eRNA_chr9_6766250_6768520_plus,69
eRNA_chr11_108217650_108217990_minus,69
eRNA_chr3_156796250_156796780_minus,69
eRNA_chr3_23404300_23405980_plus,69
eRNA_chr1_243725160_243725510_minus,69
eRNA_chr3_99818570_99819680_plus,69
eRNA_chr12_104999160_104999820_plus,69
circRNA_chr11_47358843_47375732_minus,69
circRNA_chr3_172247532_172251541_plus,69
DEG_ENSG00000166446.14,70
DEG_ENSG00000244361.1,70
DEG_ENSG00000104892.16,70
DEG_ENSG00000254788.7,70
DEG_ENSG00000204701.2,70
DEG_ENSG00000236388.1,70
DEG_ENSG00000242860.3,70
DEG_ENSG00000241665.3,70
DEG_ENSG00000158850.14,70
DEG_ENSG00000252652.1,70
DEG_ENSG00000258352.1,70
DEG_ENSG00000111058.7,70
DEG_ENSG00000279180.1,70
DEG_ENSG00000110717.12,70
DEG_ENSG00000125170.10,70
DEG_ENSG00000264968.1,70
DEG_ENSG00000285667.1,70
DEG_ENSG00000163421.8,70
DEG_ENSG00000263940.2,70
DEG_ENSG00000196371.3,70
DEG_ENSG00000173212.4,70
DEG_ENSG00000233461.5,70
DEG_ENSG00000277740.1,70
eRNA_chr1_192908170_192908280_plus,70
eRNA_chr14_77037760_77038300_minus,70
eRNA_chr1_12157690_12158270_plus,70
eRNA_chr1_220788320_220788480_plus,70
eRNA_chr12_10235240_10235890_plus,70
eRNA_chr11_126401880_126402240_plus,70
eRNA_chr12_10245850_10245980_plus,70
eRNA_chr12_10228410_10229760_plus,70
eRNA_chr1_10385720_10385940_plus,70
eRNA_chr1_161009070_161009200_minus,70
eRNA_chr1_21315880_21316270_minus,70
eRNA_chr11_72746470_72746840_minus,70
eRNA_chr12_98641690_98642000_minus,70
eRNA_chr1_51685270_51689110_plus,70
eRNA_chr6_138909530_138910170_minus,70
eRNA_chr10_74260020_74265700_plus,70
eRNA_chr9_20538040_20542030_minus,70
eRNA_chr1_89722620_89725210_plus,70
eRNA_chr7_92723590_92724540_minus,70
eRNA_chr7_92809310_92809500_minus,70
eRNA_chr7_92665790_92666490_minus,70
eRNA_chr6_90144760_90148720_minus,70
eRNA_chr7_18460780_18461160_plus,70
eRNA_chr16_78915350_78915530_plus,70
circRNA_chr11_47358843_47360040_minus,70
circRNA_chr1_205268949_205269884_plus,70
DEG_ENSG00000137266.14,71
DEG_ENSG00000119723.16,71
DEG_ENSG00000285861.1,71
DEG_ENSG00000233246.1,71
DEG_ENSG00000267512.1,71
DEG_ENSG00000131043.11,71
DEG_ENSG00000133028.11,71
DEG_ENSG00000173867.10,71
DEG_ENSG00000112195.8,71
DEG_ENSG00000285882.1,71
DEG_ENSG00000248323.6,71
DEG_ENSG00000127954.12,71
DEG_ENSG00000261338.2,71
DEG_ENSG00000158856.18,71
DEG_ENSG00000255456.1,71
DEG_ENSG00000157551.18,71
DEG_ENSG00000161533.11,71
DEG_ENSG00000217083.1,71
DEG_ENSG00000108433.16,71
DEG_ENSG00000007080.10,71
DEG_ENSG00000226266.6,71
DEG_ENSG00000258752.1,71
DEG_ENSG00000213139.7,71
DEG_ENSG00000237181.1,71
DEG_ENSG00000188315.7,71
DEG_ENSG00000231509.1,71
eRNA_chr20_47728850_47729960_plus,71
eRNA_chr11_2836030_2836530_plus,71
eRNA_chr20_48760640_48761070_plus,71
eRNA_chr6_30497480_30497870_plus,71
eRNA_chr19_51158910_51159180_plus,71
eRNA_chr2_191739600_191740450_plus,71
eRNA_chr11_188460_189350_minus,71
eRNA_chr19_50023390_50023800_minus,71
eRNA_chr17_21249740_21251320_minus,71
eRNA_chr17_78995820_78995950_minus,71
eRNA_chr6_158678550_158679060_plus,71
eRNA_chr20_47748670_47749030_minus,71
eRNA_chr8_28760400_28760860_plus,71
eRNA_chr7_98199180_98199850_plus,71
eRNA_chr14_73369850_73370170_minus,71
eRNA_chr4_159307570_159310360_plus,71
eRNA_chr16_3852610_3853190_minus,71
eRNA_chr6_136553420_136554040_minus,71
eRNA_chr20_56429900_56436300_plus,71
eRNA_chr16_3861820_3863070_minus,71
eRNA_chr7_112880760_112890330_minus,71
eRNA_chrX_40719840_40723080_minus,71
eRNA_chr10_63514860_63516800_minus,71
eRNA_chr11_108731520_108738230_plus,71
eRNA_chr14_67974840_67979680_plus,71
eRNA_chr11_108738500_108741130_plus,71
eRNA_chr17_80913650_80917120_plus,71
eRNA_chr8_127052050_127055260_plus,71
DEG_ENSG00000266126.1,72
DEG_ENSG00000067836.12,72
DEG_ENSG00000111261.13,72
DEG_ENSG00000189134.3,72
DEG_ENSG00000171865.9,72
DEG_ENSG00000249637.1,72
DEG_ENSG00000186205.12,72
DEG_ENSG00000132286.11,72
DEG_ENSG00000274357.1,72
DEG_ENSG00000144580.13,72
DEG_ENSG00000264049.1,72
DEG_ENSG00000157778.8,72
DEG_ENSG00000201441.1,72
DEG_ENSG00000176422.13,72
DEG_ENSG00000182307.13,72
DEG_ENSG00000272407.1,72
DEG_ENSG00000103342.12,72
DEG_ENSG00000129749.3,72
DEG_ENSG00000251330.3,72
DEG_ENSG00000259182.5,72
DEG_ENSG00000196083.9,72
DEG_ENSG00000227910.1,72
DEG_ENSG00000105701.15,72
DEG_ENSG00000284594.1,72
DEG_ENSG00000105974.11,72
DEG_ENSG00000135127.11,72
DEG_ENSG00000116138.12,72
DEG_ENSG00000260838.3,72
DEG_ENSG00000102003.10,72
DEG_ENSG00000236256.9,72
DEG_ENSG00000086730.16,72
DEG_ENSG00000253043.1,72
DEG_ENSG00000140961.12,72
DEG_ENSG00000250548.6,72
DEG_ENSG00000224413.1,72
DEG_ENSG00000099998.17,72
DEG_ENSG00000264582.2,72
DEG_ENSG00000166199.12,72
DEG_ENSG00000243953.1,72
DEG_ENSG00000180347.13,72
DEG_ENSG00000132768.13,72
DEG_ENSG00000121957.13,72
DEG_ENSG00000259562.2,72
DEG_ENSG00000200999.1,72
eRNA_chr5_126845460_126845720_plus,72
eRNA_chr3_43749760_43760770_plus,72
eRNA_chr18_76571910_76572040_plus,72
eRNA_chr2_101965910_101975320_plus,72
eRNA_chr14_68915330_68915540_minus,72
eRNA_chr5_172775050_172775580_minus,72
eRNA_chr6_158657000_158657850_plus,72
eRNA_chr9_91415450_91415620_minus,72
eRNA_chr4_83552520_83553000_plus,72
eRNA_chr12_122863670_122863780_minus,72
eRNA_chr18_77000510_77001090_minus,72
eRNA_chr12_98642130_98643600_minus,72
eRNA_chr6_110819340_110819980_plus,72
eRNA_chr6_17864540_17865180_minus,72
eRNA_chr8_61708940_61710330_minus,72
eRNA_chr11_78257150_78260870_minus,72
eRNA_chr22_38268510_38269190_minus,72
eRNA_chr5_95075540_95079600_minus,72
eRNA_chr20_60158300_60163400_plus,72
eRNA_chr8_22610580_22610920_minus,72
eRNA_chr12_100132870_100133910_minus,72
eRNA_chr12_31723130_31728100_minus,72
eRNA_chr3_101734300_101737010_plus,72
eRNA_chrX_41710310_41712590_minus,72
eRNA_chr8_120672750_120674260_minus,72
eRNA_chr8_120750190_120751970_minus,72
eRNA_chr14_68179760_68183330_plus,72
eRNA_chr8_127126000_127128260_plus,72
eRNA_chr14_86087220_86088900_plus,72
eRNA_chr21_15006210_15006560_minus,72
eRNA_chr7_18404650_18406060_plus,72
eRNA_chr3_23319510_23322900_plus,72
eRNA_chr6_158284880_158285140_plus,72
eRNA_chr18_63148520_63149090_minus,72
eRNA_chr11_83056290_83056420_minus,72
eRNA_chr18_63205860_63206280_minus,72
DEG_ENSG00000274677.1,73
DEG_ENSG00000196741.5,73
DEG_ENSG00000103154.9,73
DEG_ENSG00000223819.2,73
DEG_ENSG00000171049.8,73
DEG_ENSG00000258922.1,73
DEG_ENSG00000257878.1,73
DEG_ENSG00000171552.12,73
DEG_ENSG00000207698.1,73
DEG_ENSG00000115137.11,73
DEG_ENSG00000235749.2,73
DEG_ENSG00000115604.10,73
DEG_ENSG00000170915.8,73
DEG_ENSG00000160179.18,73
DEG_ENSG00000125991.19,73
DEG_ENSG00000103257.8,73
DEG_ENSG00000268170.2,73
DEG_ENSG00000249138.1,73
DEG_ENSG00000119383.19,73
DEG_ENSG00000205643.10,73
DEG_ENSG00000255730.5,73
DEG_ENSG00000146535.13,73
DEG_ENSG00000284882.1,73
DEG_ENSG00000243554.1,73
DEG_ENSG00000180953.11,73
DEG_ENSG00000282840.1,73
DEG_ENSG00000205629.11,73
DEG_ENSG00000263993.2,73
DEG_ENSG00000233184.6,73
DEG_ENSG00000247271.6,73
DEG_ENSG00000165775.17,73
DEG_ENSG00000270133.1,73
DEG_ENSG00000131873.6,73
DEG_ENSG00000275494.1,73
DEG_ENSG00000276168.1,73
DEG_ENSG00000168852.12,73
DEG_ENSG00000236180.2,73
DEG_ENSG00000241721.1,73
DEG_ENSG00000252784.1,73
DEG_ENSG00000266195.2,73
DEG_ENSG00000087116.15,73
DEG_ENSG00000232810.3,73
DEG_ENSG00000260239.1,73
DEG_ENSG00000156381.8,73
DEG_ENSG00000198176.12,73
DEG_ENSG00000283352.1,73
DEG_ENSG00000260052.1,73
DEG_ENSG00000277763.1,73
DEG_ENSG00000106628.10,73
DEG_ENSG00000272669.1,73
DEG_ENSG00000168434.12,73
DEG_ENSG00000240244.3,73
DEG_ENSG00000088826.17,73
DEG_ENSG00000181588.16,73
DEG_ENSG00000121057.12,73
DEG_ENSG00000035664.11,73
DEG_ENSG00000004939.14,73
DEG_ENSG00000125375.14,73
DEG_ENSG00000178297.13,73
DEG_ENSG00000066117.14,73
DEG_ENSG00000236352.1,73
DEG_ENSG00000120162.9,73
DEG_ENSG00000273188.1,73
DEG_ENSG00000224877.3,73
DEG_ENSG00000111432.4,73
DEG_ENSG00000259268.1,73
DEG_ENSG00000188984.11,73
DEG_ENSG00000204613.10,73
eRNA_chr16_66591170_66591300_plus,73
eRNA_chr6_27834980_27835120_minus,73
eRNA_chr1_12158430_12158790_plus,73
eRNA_chr1_33339140_33339500_plus,73
eRNA_chr6_28253840_28255190_plus,73
eRNA_chr5_173778830_173779360_plus,73
eRNA_chr6_41224810_41225050_minus,73
eRNA_chr19_5154300_5155690_plus,73
eRNA_chr1_248806950_248807420_plus,73
eRNA_chr5_89436040_89436920_plus,73
eRNA_chr15_69725490_69725770_plus,73
eRNA_chr12_47889300_47889590_plus,73
eRNA_chr6_11358660_11359360_plus,73
eRNA_chr20_1819870_1820490_minus,73
eRNA_chr3_71759450_71759720_minus,73
eRNA_chr19_38698150_38699000_plus,73
eRNA_chr5_160272510_160272740_minus,73
eRNA_chr15_79961850_79963360_minus,73
eRNA_chr19_18488580_18490710_minus,73
eRNA_chr17_3911970_3913120_minus,73
eRNA_chr6_24942250_24945730_plus,73
eRNA_chr16_66204910_66205190_minus,73
eRNA_chr14_68929390_68930160_minus,73
eRNA_chr15_63945760_63946070_minus,73
eRNA_chr1_115056290_115056600_minus,73
eRNA_chr3_48515450_48515720_minus,73
eRNA_chr20_47748220_47748540_minus,73
eRNA_chr19_56112210_56112760_minus,73
eRNA_chr8_89888970_89889250_minus,73
eRNA_chr8_140545430_140546260_minus,73
eRNA_chr1_59569550_59571650_plus,73
eRNA_chr11_12174260_12178670_plus,73
eRNA_chr1_231404040_231408070_minus,73
eRNA_chr3_32478020_32478640_minus,73
eRNA_chr10_29676630_29677300_minus,73
eRNA_chr1_151690170_151691410_plus,73
eRNA_chr15_79903640_79905080_minus,73
eRNA_chr11_3010500_3010740_minus,73
eRNA_chr2_159486900_159488480_minus,73
eRNA_chr13_30771570_30775210_plus,73
eRNA_chr15_42485210_42485700_minus,73
eRNA_chr17_42378140_42381520_minus,73
eRNA_chr14_50220490_50221870_minus,73
eRNA_chr16_3799420_3801210_minus,73
eRNA_chr13_25281690_25283430_minus,73
eRNA_chr20_62298350_62301580_plus,73
eRNA_chr1_181010450_181015660_minus,73
eRNA_chr11_2541460_2544190_plus,73
eRNA_chr20_2112200_2114240_plus,73
eRNA_chr3_122488180_122490790_minus,73
eRNA_chr7_129846060_129847320_minus,73
eRNA_chr17_60519420_60523770_minus,73
eRNA_chr11_20475990_20478510_plus,73
eRNA_chr18_79256520_79261300_plus,73
eRNA_chr12_45223440_45226510_plus,73
eRNA_chr3_33427200_33428180_minus,73
eRNA_chr16_84719080_84724940_plus,73
eRNA_chr12_120005390_120008610_plus,73
eRNA_chr1_77604750_77605370_minus,73
eRNA_chr6_5505200_5507380_plus,73
eRNA_chr7_92667250_92667960_minus,73
eRNA_chr3_99877660_99880510_plus,73
eRNA_chr3_99893910_99896720_plus,73
eRNA_chr4_113680360_113680520_minus,73
eRNA_chr18_63235640_63243500_minus,73
eRNA_chrX_1488870_1491810_minus,73
eRNA_chr16_78795120_78796510_plus,73
eRNA_chr7_92721080_92721240_minus,73
eRNA_chr18_63173290_63174080_minus,73
eRNA_chr18_63285900_63286290_minus,73
circRNA_chr7_75166536_75166877_minus,73
circRNA_chr4_6923372_6924111_plus,73
DEG_ENSG00000138411.12,74
DEG_ENSG00000152463.14,74
DEG_ENSG00000093134.14,74
DEG_ENSG00000255421.1,74
DEG_ENSG00000188690.13,74
DEG_ENSG00000260583.1,74
DEG_ENSG00000235119.1,74
DEG_ENSG00000281162.2,74
DEG_ENSG00000237261.2,74
DEG_ENSG00000244242.1,74
DEG_ENSG00000114737.15,74
DEG_ENSG00000136840.18,74
DEG_ENSG00000057704.12,74
DEG_ENSG00000134779.14,74
DEG_ENSG00000139112.10,74
DEG_ENSG00000236345.1,74
DEG_ENSG00000011198.9,74
DEG_ENSG00000189337.16,74
DEG_ENSG00000143486.15,74
DEG_ENSG00000253981.5,74
DEG_ENSG00000188158.15,74
DEG_ENSG00000174007.7,74
DEG_ENSG00000102010.14,74
DEG_ENSG00000246016.2,74
DEG_ENSG00000166130.14,74
DEG_ENSG00000132819.16,74
DEG_ENSG00000181016.9,74
DEG_ENSG00000115590.13,74
DEG_ENSG00000238719.1,74
DEG_ENSG00000231933.7,74
DEG_ENSG00000225873.4,74
DEG_ENSG00000230257.2,74
DEG_ENSG00000048140.17,74
DEG_ENSG00000163083.5,74
DEG_ENSG00000103569.9,74
DEG_ENSG00000134873.9,74
DEG_ENSG00000113719.15,74
DEG_ENSG00000188895.11,74
DEG_ENSG00000179299.16,74
DEG_ENSG00000176788.8,74
DEG_ENSG00000214293.8,74
DEG_ENSG00000151726.13,74
DEG_ENSG00000112096.17,74
DEG_ENSG00000130159.13,74
DEG_ENSG00000256269.8,74
DEG_ENSG00000148187.17,74
DEG_ENSG00000038219.12,74
DEG_ENSG00000112303.13,74
DEG_ENSG00000179632.9,74
DEG_ENSG00000113368.11,74
DEG_ENSG00000184792.15,74
DEG_ENSG00000130821.15,74
DEG_ENSG00000181788.3,74
DEG_ENSG00000010318.20,74
DEG_ENSG00000173281.4,74
DEG_ENSG00000163235.15,74
DEG_ENSG00000183597.15,74
DEG_ENSG00000256229.7,74
DEG_ENSG00000262001.1,74
DEG_ENSG00000063854.12,74
DEG_ENSG00000189067.12,74
DEG_ENSG00000136630.12,74
DEG_ENSG00000272853.1,74
DEG_ENSG00000140563.14,74
DEG_ENSG00000065600.12,74
DEG_ENSG00000223878.1,74
DEG_ENSG00000105610.5,74
DEG_ENSG00000168495.12,74
DEG_ENSG00000160588.9,74
DEG_ENSG00000114021.11,74
DEG_ENSG00000214706.10,74
DEG_ENSG00000121104.7,74
DEG_ENSG00000169895.5,74
DEG_ENSG00000163162.8,74
DEG_ENSG00000170837.2,74
DEG_ENSG00000205250.8,74
DEG_ENSG00000263235.1,74
DEG_ENSG00000128524.4,74
DEG_ENSG00000059804.15,74
DEG_ENSG00000003402.19,74
DEG_ENSG00000272056.1,74
DEG_ENSG00000166169.16,74
DEG_ENSG00000119471.14,74
DEG_ENSG00000102580.14,74
DEG_ENSG00000221869.4,74
DEG_ENSG00000182310.14,74
DEG_ENSG00000010539.11,74
DEG_ENSG00000203446.2,74
DEG_ENSG00000164674.15,74
DEG_ENSG00000249662.6,74
DEG_ENSG00000071564.14,74
DEG_ENSG00000279821.1,74
DEG_ENSG00000099785.10,74
DEG_ENSG00000166523.7,74
DEG_ENSG00000182247.9,74
DEG_ENSG00000186115.12,74
DEG_ENSG00000092200.12,74
DEG_ENSG00000059728.10,74
DEG_ENSG00000154122.13,74
DEG_ENSG00000105835.11,74
DEG_ENSG00000178726.6,74
DEG_ENSG00000134627.11,74
DEG_ENSG00000167434.9,74
DEG_ENSG00000145491.11,74
DEG_ENSG00000244687.11,74
DEG_ENSG00000280181.1,74
DEG_ENSG00000179262.9,74
DEG_ENSG00000106263.17,74
DEG_ENSG00000167705.11,74
DEG_ENSG00000284930.1,74
DEG_ENSG00000084110.10,74
DEG_ENSG00000135407.10,74
DEG_ENSG00000140403.12,74
DEG_ENSG00000167110.17,74
DEG_ENSG00000102882.11,74
DEG_ENSG00000155744.9,74
DEG_ENSG00000133069.16,74
DEG_ENSG00000130021.13,74
DEG_ENSG00000184730.10,74
DEG_ENSG00000165115.14,74
DEG_ENSG00000136319.11,74
DEG_ENSG00000118046.14,74
DEG_ENSG00000184178.15,74
DEG_ENSG00000251179.1,74
DEG_ENSG00000144468.16,74
DEG_ENSG00000198876.12,74
DEG_ENSG00000184787.18,74
DEG_ENSG00000204228.3,74
DEG_ENSG00000115507.9,74
DEG_ENSG00000119977.20,74
DEG_ENSG00000160563.13,74
DEG_ENSG00000148341.17,74
DEG_ENSG00000124126.13,74
DEG_ENSG00000013306.15,74
DEG_ENSG00000249931.4,74
DEG_ENSG00000079308.18,74
DEG_ENSG00000062282.14,74
DEG_ENSG00000167676.4,74
DEG_ENSG00000163464.7,74
DEG_ENSG00000167671.11,74
DEG_ENSG00000102760.12,74
DEG_ENSG00000259376.1,74
DEG_ENSG00000156232.7,74
DEG_ENSG00000174206.12,74
DEG_ENSG00000160445.10,74
DEG_ENSG00000165792.17,74
DEG_ENSG00000120868.13,74
DEG_ENSG00000148572.15,74
DEG_ENSG00000273644.1,74
DEG_ENSG00000214013.9,74
DEG_ENSG00000115828.16,74
DEG_ENSG00000284948.1,74
DEG_ENSG00000187097.12,74
DEG_ENSG00000100418.7,74
DEG_ENSG00000099804.8,74
DEG_ENSG00000120029.12,74
DEG_ENSG00000259713.1,74
DEG_ENSG00000140044.12,74
DEG_ENSG00000167536.13,74
DEG_ENSG00000142453.11,74
DEG_ENSG00000271749.1,74
DEG_ENSG00000196549.10,74
DEG_ENSG00000067606.16,74
DEG_ENSG00000013364.18,74
DEG_ENSG00000281969.1,74
DEG_ENSG00000138867.16,74
DEG_ENSG00000204673.10,74
DEG_ENSG00000013583.9,74
DEG_ENSG00000105393.15,74
DEG_ENSG00000270330.1,74
DEG_ENSG00000005882.11,74
DEG_ENSG00000221817.9,74
DEG_ENSG00000258565.1,74
DEG_ENSG00000116017.10,74
DEG_ENSG00000175931.12,74
DEG_ENSG00000162722.8,74
DEG_ENSG00000115204.14,74
DEG_ENSG00000189013.14,74
DEG_ENSG00000171791.12,74
DEG_ENSG00000215241.3,74
DEG_ENSG00000006652.13,74
DEG_ENSG00000206629.1,74
DEG_ENSG00000100644.16,74
DEG_ENSG00000183444.10,74
DEG_ENSG00000169084.13,74
DEG_ENSG00000277118.1,74
DEG_ENSG00000120158.11,74
DEG_ENSG00000159199.13,74
DEG_ENSG00000145882.10,74
DEG_ENSG00000153814.12,74
DEG_ENSG00000146409.11,74
DEG_ENSG00000158089.14,74
DEG_ENSG00000141084.10,74
DEG_ENSG00000198931.10,74
DEG_ENSG00000139842.14,74
DEG_ENSG00000109466.13,74
DEG_ENSG00000260550.2,74
DEG_ENSG00000046647.13,74
DEG_ENSG00000001084.12,74
DEG_ENSG00000139514.12,74
DEG_ENSG00000169902.14,74
DEG_ENSG00000139132.14,74
DEG_ENSG00000155926.13,74
DEG_ENSG00000161040.16,74
DEG_ENSG00000223336.1,74
DEG_ENSG00000238713.1,74
DEG_ENSG00000206344.7,74
DEG_ENSG00000130522.5,74
DEG_ENSG00000132965.9,74
DEG_ENSG00000102900.12,74
DEG_ENSG00000186431.18,74
DEG_ENSG00000133800.8,74
DEG_ENSG00000215297.3,74
DEG_ENSG00000100266.18,74
DEG_ENSG00000107951.14,74
DEG_ENSG00000279447.1,74
DEG_ENSG00000101474.11,74
DEG_ENSG00000246705.4,74
DEG_ENSG00000125818.17,74
DEG_ENSG00000083444.16,74
DEG_ENSG00000134061.5,74
DEG_ENSG00000065491.8,74
DEG_ENSG00000100104.13,74
DEG_ENSG00000115649.15,74
DEG_ENSG00000183690.12,74
DEG_ENSG00000165071.14,74
DEG_ENSG00000234663.6,74
DEG_ENSG00000243664.1,74
DEG_ENSG00000129472.14,74
DEG_ENSG00000145335.15,74
DEG_ENSG00000233276.4,74
DEG_ENSG00000163563.7,74
DEG_ENSG00000105810.9,74
DEG_ENSG00000123933.16,74
DEG_ENSG00000180992.6,74
DEG_ENSG00000257127.6,74
DEG_ENSG00000214253.8,74
DEG_ENSG00000163283.6,74
DEG_ENSG00000157800.17,74
DEG_ENSG00000164035.9,74
DEG_ENSG00000107521.18,74
DEG_ENSG00000100368.13,74
DEG_ENSG00000260596.5,74
DEG_ENSG00000272689.1,74
DEG_ENSG00000012232.8,74
DEG_ENSG00000100504.16,74
DEG_ENSG00000276900.1,74
DEG_ENSG00000261173.1,74
DEG_ENSG00000105767.2,74
DEG_ENSG00000173535.14,74
DEG_ENSG00000102145.13,74
DEG_ENSG00000138363.14,74
DEG_ENSG00000130559.18,74
DEG_ENSG00000086232.12,74
DEG_ENSG00000125735.10,74
DEG_ENSG00000135932.10,74
DEG_ENSG00000257094.1,74
DEG_ENSG00000007968.6,74
DEG_ENSG00000141968.7,74
DEG_ENSG00000125124.11,74
DEG_ENSG00000166947.13,74
DEG_ENSG00000196961.12,74
DEG_ENSG00000120659.14,74
DEG_ENSG00000259626.2,74
DEG_ENSG00000203804.4,74
DEG_ENSG00000249086.1,74
DEG_ENSG00000108309.13,74
DEG_ENSG00000105371.9,74
DEG_ENSG00000135842.16,74
DEG_ENSG00000107262.21,74
DEG_ENSG00000104903.4,74
DEG_ENSG00000141985.9,74
DEG_ENSG00000214736.7,74
DEG_ENSG00000066926.10,74
DEG_ENSG00000230839.1,74
DEG_ENSG00000123700.4,74
DEG_ENSG00000174718.11,74
DEG_ENSG00000113749.7,74
DEG_ENSG00000228506.1,74
DEG_ENSG00000170525.20,74
DEG_ENSG00000060138.12,74
DEG_ENSG00000261529.1,74
DEG_ENSG00000048991.16,74
DEG_ENSG00000215244.2,74
DEG_ENSG00000136908.17,74
DEG_ENSG00000183621.15,74
DEG_ENSG00000074181.8,74
DEG_ENSG00000088992.17,74
DEG_ENSG00000266668.1,74
DEG_ENSG00000084693.15,74
DEG_ENSG00000270885.1,74
DEG_ENSG00000143384.12,74
DEG_ENSG00000070182.20,74
DEG_ENSG00000161682.14,74
DEG_ENSG00000185950.8,74
DEG_ENSG00000105281.12,74
DEG_ENSG00000170871.11,74
DEG_ENSG00000188026.12,74
DEG_ENSG00000162367.11,74
DEG_ENSG00000075426.11,74
DEG_ENSG00000260621.1,74
DEG_ENSG00000213390.10,74
DEG_ENSG00000140575.12,74
DEG_ENSG00000178057.14,74
DEG_ENSG00000106771.12,74
DEG_ENSG00000011028.13,74
DEG_ENSG00000180509.11,74
DEG_ENSG00000260452.1,74
DEG_ENSG00000174132.8,74
DEG_ENSG00000113916.17,74
DEG_ENSG00000187553.8,74
DEG_ENSG00000135966.12,74
DEG_ENSG00000147535.16,74
DEG_ENSG00000116741.7,74
DEG_ENSG00000143224.17,74
DEG_ENSG00000223044.1,74
DEG_ENSG00000120008.15,74
DEG_ENSG00000165030.3,74
DEG_ENSG00000242338.6,74
DEG_ENSG00000109381.19,74
DEG_ENSG00000254477.2,74
DEG_ENSG00000248162.1,74
DEG_ENSG00000140332.15,74
DEG_ENSG00000135828.11,74
DEG_ENSG00000149483.11,74
DEG_ENSG00000107672.14,74
DEG_ENSG00000263403.1,74
DEG_ENSG00000157322.17,74
DEG_ENSG00000048052.21,74
DEG_ENSG00000270437.1,74
DEG_ENSG00000279799.1,74
DEG_ENSG00000101882.9,74
DEG_ENSG00000180185.11,74
DEG_ENSG00000107669.17,74
DEG_ENSG00000255723.1,74
DEG_ENSG00000242247.10,74
DEG_ENSG00000040633.12,74
DEG_ENSG00000143774.16,74
DEG_ENSG00000251434.1,74
DEG_ENSG00000259431.5,74
DEG_ENSG00000213995.11,74
DEG_ENSG00000087589.16,74
DEG_ENSG00000112335.14,74
DEG_ENSG00000214456.8,74
DEG_ENSG00000108424.9,74
DEG_ENSG00000143416.20,74
DEG_ENSG00000267385.1,74
DEG_ENSG00000257108.1,74
DEG_ENSG00000124731.12,74
DEG_ENSG00000065559.14,74
DEG_ENSG00000204304.11,74
DEG_ENSG00000148334.14,74
DEG_ENSG00000185261.14,74
DEG_ENSG00000128482.15,74
DEG_ENSG00000184470.20,74
DEG_ENSG00000122254.6,74
DEG_ENSG00000266160.2,74
DEG_ENSG00000285239.1,74
DEG_ENSG00000173930.8,74
DEG_ENSG00000229563.6,74
DEG_ENSG00000179715.12,74
DEG_ENSG00000100626.16,74
DEG_ENSG00000265145.1,74
DEG_ENSG00000137216.18,74
DEG_ENSG00000136040.8,74
DEG_ENSG00000278600.1,74
DEG_ENSG00000143815.14,74
DEG_ENSG00000233431.1,74
DEG_ENSG00000180871.7,74
DEG_ENSG00000165283.15,74
DEG_ENSG00000070423.17,74
DEG_ENSG00000124882.3,74
DEG_ENSG00000106268.15,74
DEG_ENSG00000173727.12,74
DEG_ENSG00000103994.17,74
DEG_ENSG00000107147.12,74
DEG_ENSG00000008294.20,74
DEG_ENSG00000255459.1,74
DEG_ENSG00000228242.6,74
DEG_ENSG00000122203.14,74
DEG_ENSG00000274963.1,74
DEG_ENSG00000278828.1,74
DEG_ENSG00000118900.14,74
DEG_ENSG00000263956.6,74
DEG_ENSG00000160712.12,74
DEG_ENSG00000277581.1,74
DEG_ENSG00000142207.6,74
DEG_ENSG00000101220.17,74
DEG_ENSG00000265791.1,74
DEG_ENSG00000128918.14,74
DEG_ENSG00000188486.3,74
DEG_ENSG00000173926.5,74
DEG_ENSG00000240966.3,74
DEG_ENSG00000280228.1,74
DEG_ENSG00000206053.12,74
DEG_ENSG00000276651.1,74
DEG_ENSG00000279189.1,74
DEG_ENSG00000161103.11,74
DEG_ENSG00000249096.6,74
DEG_ENSG00000203710.11,74
DEG_ENSG00000268240.1,74
DEG_ENSG00000111300.9,74
DEG_ENSG00000249667.1,74
DEG_ENSG00000276704.1,74
DEG_ENSG00000135776.4,74
DEG_ENSG00000049249.8,74
DEG_ENSG00000278112.1,74
DEG_ENSG00000172270.19,74
DEG_ENSG00000170892.10,74
DEG_ENSG00000005893.15,74
DEG_ENSG00000166261.10,74
DEG_ENSG00000255314.3,74
DEG_ENSG00000214629.3,74
DEG_ENSG00000241886.1,74
DEG_ENSG00000131828.13,74
DEG_ENSG00000142166.12,74
DEG_ENSG00000182885.16,74
DEG_ENSG00000177830.17,74
DEG_ENSG00000126088.13,74
DEG_ENSG00000140749.8,74
DEG_ENSG00000135766.8,74
DEG_ENSG00000182923.17,74
DEG_ENSG00000232504.4,74
DEG_ENSG00000224672.4,74
DEG_ENSG00000144455.13,74
DEG_ENSG00000090013.10,74
DEG_ENSG00000130703.16,74
DEG_ENSG00000122970.15,74
DEG_ENSG00000165406.15,74
DEG_ENSG00000119782.13,74
DEG_ENSG00000215114.8,74
DEG_ENSG00000236444.4,74
DEG_ENSG00000133606.10,74
DEG_ENSG00000125877.12,74
DEG_ENSG00000146859.6,74
DEG_ENSG00000178719.16,74
DEG_ENSG00000104324.15,74
DEG_ENSG00000008441.16,74
DEG_ENSG00000105321.13,74
DEG_ENSG00000029534.20,74
DEG_ENSG00000135924.15,74
DEG_ENSG00000060069.16,74
DEG_ENSG00000102445.18,74
DEG_ENSG00000260979.1,74
DEG_ENSG00000126602.10,74
DEG_ENSG00000135823.13,74
DEG_ENSG00000240777.2,74
DEG_ENSG00000173992.8,74
DEG_ENSG00000250539.1,74
DEG_ENSG00000279954.1,74
DEG_ENSG00000131876.16,74
DEG_ENSG00000203721.6,74
DEG_ENSG00000136247.14,74
DEG_ENSG00000166167.17,74
DEG_ENSG00000139637.13,74
DEG_ENSG00000068971.13,74
DEG_ENSG00000130592.15,74
DEG_ENSG00000225527.1,74
DEG_ENSG00000123636.17,74
DEG_ENSG00000178075.19,74
DEG_ENSG00000237665.1,74
DEG_ENSG00000159339.13,74
DEG_ENSG00000204177.10,74
DEG_ENSG00000151893.14,74
DEG_ENSG00000136732.15,74
DEG_ENSG00000135686.12,74
DEG_ENSG00000138592.13,74
DEG_ENSG00000069998.12,74
DEG_ENSG00000250644.3,74
DEG_ENSG00000183421.11,74
DEG_ENSG00000233393.1,74
DEG_ENSG00000198799.11,74
DEG_ENSG00000196954.13,74
DEG_ENSG00000240663.3,74
DEG_ENSG00000132334.16,74
DEG_ENSG00000226253.1,74
DEG_ENSG00000182389.19,74
DEG_ENSG00000104825.16,74
DEG_ENSG00000117394.21,74
DEG_ENSG00000197734.9,74
DEG_ENSG00000105865.10,74
DEG_ENSG00000183309.11,74
DEG_ENSG00000144535.19,74
DEG_ENSG00000237576.1,74
DEG_ENSG00000144130.11,74
DEG_ENSG00000136925.14,74
DEG_ENSG00000171051.8,74
DEG_ENSG00000105352.10,74
DEG_ENSG00000214026.10,74
DEG_ENSG00000118420.16,74
DEG_ENSG00000198933.9,74
DEG_ENSG00000136869.14,74
DEG_ENSG00000164068.15,74
DEG_ENSG00000118816.9,74
DEG_ENSG00000218809.1,74
DEG_ENSG00000072694.20,74
DEG_ENSG00000125810.9,74
DEG_ENSG00000134330.18,74
DEG_ENSG00000130347.12,74
DEG_ENSG00000079739.16,74
DEG_ENSG00000132155.11,74
DEG_ENSG00000234921.1,74
DEG_ENSG00000257715.1,74
DEG_ENSG00000101158.13,74
DEG_ENSG00000128849.10,74
DEG_ENSG00000157734.13,74
DEG_ENSG00000103363.14,74
DEG_ENSG00000175567.8,74
DEG_ENSG00000260078.3,74
DEG_ENSG00000116120.9,74
DEG_ENSG00000136999.4,74
eRNA_chr5_10486550_10486710_plus,74
eRNA_chr13_109258710_109259540_minus,74
eRNA_chr7_66314050_66314580_plus,74
eRNA_chr10_6408310_6408670_plus,74
eRNA_chr9_77956920_77957180_plus,74
eRNA_chr6_26174450_26174570_minus,74
eRNA_chr17_47705670_47706530_plus,74
eRNA_chr19_6062830_6062950_minus,74
eRNA_chr1_17312490_17313150_plus,74
eRNA_chr10_6471460_6472000_plus,74
eRNA_chr20_47728540_47728740_plus,74
eRNA_chr6_108715700_108716080_plus,74
eRNA_chr5_89432550_89433770_plus,74
eRNA_chr11_2836870_2838720_plus,74
eRNA_chr7_106395460_106407690_plus,74
eRNA_chr9_77951640_77952200_plus,74
eRNA_chr15_58505500_58505730_minus,74
eRNA_chr2_109213830_109213950_plus,74
eRNA_chr1_21317790_21317900_minus,74
eRNA_chr10_6408820_6409170_plus,74
eRNA_chr9_136540010_136540660_plus,74
eRNA_chr18_79693270_79693450_plus,74
eRNA_chr22_21829620_21829800_plus,74
eRNA_chr2_96554940_96555150_plus,74
eRNA_chr7_66255060_66255650_plus,74
eRNA_chr20_48776850_48778180_plus,74
eRNA_chr5_10503360_10503620_plus,74
eRNA_chr10_6409320_6410180_plus,74
eRNA_chr12_31956900_31957570_minus,74
eRNA_chr12_64737620_64737740_plus,74
eRNA_chr22_29077650_29078480_plus,74
eRNA_chr10_71726730_71726840_minus,74
eRNA_chr14_77039180_77040140_minus,74
eRNA_chr10_6269360_6269980_plus,74
eRNA_chr2_37347370_37352090_plus,74
eRNA_chr7_66294880_66298170_plus,74
eRNA_chr5_10446210_10446340_plus,74
eRNA_chr7_66256320_66257060_plus,74
eRNA_chr7_102890020_102891830_minus,74
eRNA_chr22_42421100_42422310_minus,74
eRNA_chr1_12154960_12155850_plus,74
eRNA_chr20_1854360_1854750_minus,74
eRNA_chr5_89437180_89439080_plus,74
eRNA_chr10_6407360_6407830_plus,74
eRNA_chr17_3911640_3911850_minus,74
eRNA_chr19_13847420_13847950_plus,74
eRNA_chr11_2560810_2560970_plus,74
eRNA_chr2_109480910_109481150_plus,74
eRNA_chrX_30593610_30593730_minus,74
eRNA_chr5_140274570_140276610_plus,74
eRNA_chr10_6274490_6275990_plus,74
eRNA_chr10_6270120_6274350_plus,74
eRNA_chr20_665590_672580_plus,74
eRNA_chr2_112680690_112681800_plus,74
eRNA_chr5_150514690_150515940_plus,74
eRNA_chr7_131121800_131122290_plus,74
eRNA_chr5_140272680_140273080_plus,74
eRNA_chr10_6410550_6411800_plus,74
eRNA_chr10_6316950_6319620_plus,74
eRNA_chr17_41498540_41499290_plus,74
eRNA_chr1_21317450_21317640_minus,74
eRNA_chr2_70043780_70044300_plus,74
eRNA_chr20_47727890_47728420_plus,74
eRNA_chr12_31950400_31950940_minus,74
eRNA_chr20_47739180_47739380_minus,74
eRNA_chr10_97517030_97517490_plus,74
eRNA_chr10_6375660_6387680_plus,74
eRNA_chr11_72741170_72741280_minus,74
eRNA_chr11_74450650_74450850_minus,74
eRNA_chr10_6388090_6402160_plus,74
eRNA_chr1_248805280_248806370_plus,74
eRNA_chr7_102872940_102873990_minus,74
eRNA_chr15_69723160_69724490_plus,74
eRNA_chr20_1857520_1858170_minus,74
eRNA_chr11_126419590_126420640_plus,74
eRNA_chr16_66207010_66207400_minus,74
eRNA_chr10_104349680_104350020_plus,74
eRNA_chr4_184750860_184752860_minus,74
eRNA_chr22_42425040_42428280_minus,74
eRNA_chr15_69763780_69764340_plus,74
eRNA_chr16_84598900_84600460_plus,74
eRNA_chr12_10242100_10243130_plus,74
eRNA_chr5_140222320_140224250_plus,74
eRNA_chr2_109215670_109216490_plus,74
eRNA_chr21_37829250_37833740_plus,74
eRNA_chr10_6265460_6267680_plus,74
eRNA_chr17_76252480_76253230_plus,74
eRNA_chr5_160296290_160297650_minus,74
eRNA_chr14_50939420_50939750_minus,74
eRNA_chr20_1800130_1800390_minus,74
eRNA_chr5_140250960_140254430_plus,74
eRNA_chr20_713430_716990_plus,74
eRNA_chr14_75284260_75285490_plus,74
eRNA_chr19_3165620_3166750_plus,74
eRNA_chr10_6247940_6258940_plus,74
eRNA_chr15_63918370_63918610_minus,74
eRNA_chr1_21340880_21341570_minus,74
eRNA_chr15_69749690_69750690_minus,74
eRNA_chr16_66225130_66225620_minus,74
eRNA_chr16_11613470_11613780_minus,74
eRNA_chr14_64761230_64761800_plus,74
eRNA_chr4_184792060_184793540_minus,74
eRNA_chr5_89441390_89441850_plus,74
eRNA_chr1_33346490_33347170_minus,74
eRNA_chr3_155185750_155191590_plus,74
eRNA_chr20_48749880_48750200_minus,74
eRNA_chr4_139031400_139031570_minus,74
eRNA_chr2_71471140_71477980_plus,74
eRNA_chr15_101185610_101185900_minus,74
eRNA_chr5_89450450_89450810_plus,74
eRNA_chr5_100800610_100801390_minus,74
eRNA_chr10_6281350_6284510_plus,74
eRNA_chr19_14635730_14635980_minus,74
eRNA_chr17_3911050_3911510_minus,74
eRNA_chr15_79963530_79964660_minus,74
eRNA_chr10_45472340_45475290_plus,74
eRNA_chr10_132625930_132628850_plus,74
eRNA_chr5_140216220_140221140_plus,74
eRNA_chr11_121696210_121698340_plus,74
eRNA_chr22_21831240_21831770_plus,74
eRNA_chr15_69766220_69775140_plus,74
eRNA_chr21_37822460_37829140_plus,74
eRNA_chr10_104321100_104321240_minus,74
eRNA_chr20_49295160_49296920_plus,74
eRNA_chr4_40765270_40772190_plus,74
eRNA_chr2_174523480_174524050_minus,74
eRNA_chr5_10452740_10455140_plus,74
eRNA_chr5_140213480_140215520_plus,74
eRNA_chr10_97323080_97323810_minus,74
eRNA_chr20_1852720_1854010_minus,74
eRNA_chr4_83558340_83559070_plus,74
eRNA_chr14_68913200_68913730_minus,74
eRNA_chr9_112450900_112452130_plus,74
eRNA_chr2_70500130_70501080_minus,74
eRNA_chr2_174524230_174525920_minus,74
eRNA_chr20_47750300_47751010_minus,74
eRNA_chr20_1855450_1857340_minus,74
eRNA_chr19_50004830_50005040_minus,74
eRNA_chr14_68914090_68914230_minus,74
eRNA_chr21_42302620_42304300_plus,74
eRNA_chr7_5354550_5355080_minus,74
eRNA_chr5_140181950_140184040_plus,74
eRNA_chr11_129824460_129826250_plus,74
eRNA_chr9_91412820_91414280_minus,74
eRNA_chr22_42886490_42887990_minus,74
eRNA_chr11_121698830_121709560_plus,74
eRNA_chr12_98636240_98636940_minus,74
eRNA_chr1_149881750_149883230_minus,74
eRNA_chr4_40441400_40442150_minus,74
eRNA_chr1_59571840_59573200_plus,74
eRNA_chr11_114251460_114255260_plus,74
eRNA_chr3_112520540_112520800_minus,74
eRNA_chr18_62950310_62951060_plus,74
eRNA_chr12_64730160_64731200_plus,74
eRNA_chr18_62953220_62954010_plus,74
eRNA_chr3_72081680_72081940_minus,74
eRNA_chr20_1850950_1852510_minus,74
eRNA_chr1_234964860_234965690_minus,74
eRNA_chr15_101185320_101185500_minus,74
eRNA_chr11_72745840_72746360_minus,74
eRNA_chr16_66199170_66200310_minus,74
eRNA_chr5_89447000_89448430_plus,74
eRNA_chr14_73328610_73331380_minus,74
eRNA_chr8_19414820_19415210_minus,74
eRNA_chr11_118244930_118248200_minus,74
eRNA_chr10_73850730_73851180_minus,74
eRNA_chr8_61708710_61708830_minus,74
eRNA_chr15_63944580_63945340_minus,74
eRNA_chr2_40437200_40437590_minus,74
eRNA_chr15_63942470_63943050_minus,74
eRNA_chr1_21330380_21331170_minus,74
eRNA_chr10_48799320_48799960_plus,74
eRNA_chrX_17712860_17714440_plus,74
eRNA_chr11_72742720_72743340_minus,74
eRNA_chr20_60289270_60300930_plus,74
eRNA_chr1_21313000_21315320_minus,74
eRNA_chr14_73326300_73327020_minus,74
eRNA_chr20_60110790_60111780_plus,74
eRNA_chr7_127983330_127986100_minus,74
eRNA_chr14_75460320_75460730_plus,74
eRNA_chr1_21341730_21343530_minus,74
eRNA_chr5_91177110_91178380_minus,74
eRNA_chr22_21823450_21825280_plus,74
eRNA_chr17_45426450_45427090_minus,74
eRNA_chr4_37620360_37620500_minus,74
eRNA_chr6_30809390_30809920_minus,74
eRNA_chr6_110713740_110715190_minus,74
eRNA_chr14_91207080_91208290_plus,74
eRNA_chr15_42488160_42488880_minus,74
eRNA_chr11_10284150_10284360_minus,74
eRNA_chr22_21748360_21748840_minus,74
eRNA_chr20_20441140_20441380_minus,74
eRNA_chr1_27258570_27259110_plus,74
eRNA_chr1_12145230_12150180_plus,74
eRNA_chr11_2820130_2825510_plus,74
eRNA_chr11_59756210_59769850_plus,74
eRNA_chr20_20608110_20608230_minus,74
eRNA_chr2_201034280_201042450_minus,74
eRNA_chr10_79189340_79196080_plus,74
eRNA_chr4_139033580_139037400_minus,74
eRNA_chr11_14892820_14896380_plus,74
eRNA_chr17_44113310_44114070_minus,74
eRNA_chrX_120452800_120454340_minus,74
eRNA_chr8_61696460_61697370_minus,74
eRNA_chr12_49200000_49205000_plus,74
eRNA_chr6_35852010_35853230_minus,74
eRNA_chr20_20690640_20691100_minus,74
eRNA_chr4_83545800_83547140_plus,74
eRNA_chr8_141222370_141227140_minus,74
eRNA_chr6_17891840_17892300_minus,74
eRNA_chr19_16363170_16367090_minus,74
eRNA_chr17_82987470_82989020_minus,74
eRNA_chr1_33340930_33346150_minus,74
eRNA_chr22_35315170_35316630_plus,74
eRNA_chr14_92691950_92696970_plus,74
eRNA_chr22_42895480_42897260_minus,74
eRNA_chr11_78256430_78257040_minus,74
eRNA_chr11_72743450_72744110_minus,74
eRNA_chr2_96245750_96246290_minus,74
eRNA_chr11_72746960_72749680_minus,74
eRNA_chr11_72749950_72751680_minus,74
eRNA_chr4_184362170_184362740_minus,74
eRNA_chr13_25281190_25281320_minus,74
eRNA_chr15_94410060_94415560_plus,74
eRNA_chr16_67472920_67473530_minus,74
eRNA_chr6_158668330_158672590_plus,74
eRNA_chr17_51050270_51050870_minus,74
eRNA_chr1_52746780_52747890_plus,74
eRNA_chr7_134667250_134668060_plus,74
eRNA_chr13_32113070_32115580_plus,74
eRNA_chr22_29944850_29948960_plus,74
eRNA_chr17_30401360_30416350_plus,74
eRNA_chr4_37892180_37900930_plus,74
eRNA_chr15_90416300_90422510_plus,74
eRNA_chr20_20548620_20555640_minus,74
eRNA_chr10_104318910_104320650_minus,74
eRNA_chr12_100136600_100140490_minus,74
eRNA_chr17_42372490_42373070_minus,74
eRNA_chr9_125179950_125180090_minus,74
eRNA_chr6_53252570_53253180_minus,74
eRNA_chr20_20697770_20698030_minus,74
eRNA_chr14_96949190_96951810_plus,74
eRNA_chr20_60165400_60172480_plus,74
eRNA_chr13_32106210_32112930_plus,74
eRNA_chr17_51051710_51052050_minus,74
eRNA_chr4_139468640_139470070_plus,74
eRNA_chr22_42830220_42830490_minus,74
eRNA_chr5_80412710_80418030_plus,74
eRNA_chr6_53251170_53252340_minus,74
eRNA_chr6_87679850_87680740_minus,74
eRNA_chr6_110793360_110794040_minus,74
eRNA_chrX_24489260_24491730_plus,74
eRNA_chr10_26846530_26846900_minus,74
eRNA_chr11_45958530_45962640_minus,74
eRNA_chr2_159505090_159509140_minus,74
eRNA_chr11_45994190_46014720_minus,74
eRNA_chr12_7013660_7014250_minus,74
eRNA_chr2_25330850_25331780_minus,74
eRNA_chr12_100129670_100130390_minus,74
eRNA_chr16_3856430_3859400_minus,74
eRNA_chrX_19822520_19824200_minus,74
eRNA_chr16_3860760_3861650_minus,74
eRNA_chr12_31702730_31703930_minus,74
eRNA_chr6_110806670_110808630_minus,74
eRNA_chr11_3783560_3784280_minus,74
eRNA_chr20_2104150_2111060_plus,74
eRNA_chr20_20693470_20694020_minus,74
eRNA_chr1_181015870_181016430_minus,74
eRNA_chrX_2497030_2499320_minus,74
eRNA_chrX_9655070_9672460_plus,74
eRNA_chr10_29704390_29707060_minus,74
eRNA_chr6_13703170_13703480_minus,74
eRNA_chrX_19804930_19820000_minus,74
eRNA_chr4_101084750_101085350_minus,74
eRNA_chr17_64083240_64086640_minus,74
eRNA_chr2_239251290_239254450_minus,74
eRNA_chr12_31720940_31722750_minus,74
eRNA_chr18_21046200_21047460_minus,74
eRNA_chr16_3796860_3799260_minus,74
eRNA_chr16_69587970_69602930_plus,74
eRNA_chr5_179756170_179760810_plus,74
eRNA_chr2_8830860_8832310_minus,74
eRNA_chr1_51850270_51852340_minus,74
eRNA_chr2_173921230_173923480_minus,74
eRNA_chr1_100944810_100954990_plus,74
eRNA_chr2_119832760_119839190_plus,74
eRNA_chr6_126058590_126062990_plus,74
eRNA_chr3_128166520_128169770_plus,74
eRNA_chr5_157845670_157847050_minus,74
eRNA_chr3_119307110_119312970_plus,74
eRNA_chr11_35742870_35751810_plus,74
eRNA_chr14_68304270_68309950_plus,74
eRNA_chr5_134942220_134945980_plus,74
eRNA_chr13_79390350_79391830_minus,74
eRNA_chr12_28340220_28344240_plus,74
eRNA_chr5_107951040_107951880_minus,74
eRNA_chr9_6936010_6939770_plus,74
eRNA_chr1_101047480_101058920_plus,74
eRNA_chr4_113633160_113637210_minus,74
eRNA_chr13_77316330_77317900_minus,74
eRNA_chr4_109619790_109633180_plus,74
eRNA_chr20_48977460_48983250_plus,74
eRNA_chr1_246209420_246211050_minus,74
eRNA_chr3_105756570_105760160_minus,74
eRNA_chr14_67940100_67953050_plus,74
eRNA_chr3_197239610_197240490_minus,74
eRNA_chr8_120795200_120800730_minus,74
eRNA_chr8_116727120_116727930_minus,74
eRNA_chr14_68072310_68079400_plus,74
eRNA_chr14_68097270_68113000_plus,74
eRNA_chr2_106123890_106125090_minus,74
eRNA_chr4_109604400_109618690_plus,74
eRNA_chr6_143632450_143644560_plus,74
eRNA_chr6_20688470_20690040_plus,74
eRNA_chr4_113706810_113709140_minus,74
eRNA_chr11_6524100_6525690_plus,74
eRNA_chr12_28349160_28352170_plus,74
eRNA_chr21_44793770_44794360_minus,74
eRNA_chr16_84725380_84728280_plus,74
eRNA_chr4_113731570_113732740_minus,74
eRNA_chr13_73980690_73981440_minus,74
eRNA_chr13_77318010_77318400_minus,74
eRNA_chr14_91761410_91777060_minus,74
eRNA_chr1_77605480_77607400_minus,74
eRNA_chr3_99865030_99870020_plus,74
eRNA_chr17_39768900_39770640_minus,74
eRNA_chr3_23228680_23240810_plus,74
eRNA_chr3_99824870_99826710_plus,74
eRNA_chr2_224951400_224952490_minus,74
eRNA_chr7_43697530_43698080_minus,74
eRNA_chr5_37660320_37663110_plus,74
eRNA_chr2_181183030_181187710_plus,74
eRNA_chr4_148327390_148328100_minus,74
eRNA_chr3_99899560_99902020_plus,74
eRNA_chr13_73979000_73979300_minus,74
eRNA_chr8_79964110_79964300_minus,74
eRNA_chr15_42375860_42377510_plus,74
eRNA_chr3_99882080_99886000_plus,74
eRNA_chr3_23339810_23343840_plus,74
eRNA_chr8_120744930_120746240_minus,74
eRNA_chr4_113644850_113645090_minus,74
eRNA_chr9_20535080_20537620_minus,74
eRNA_chr3_23435220_23436120_plus,74
eRNA_chr18_63188850_63193580_minus,74
eRNA_chr6_90045340_90050360_minus,74
eRNA_chr18_63140910_63141490_minus,74
eRNA_chr3_23391110_23395960_plus,74
eRNA_chr3_23385660_23388230_plus,74
eRNA_chr7_92815530_92816170_minus,74
eRNA_chr4_38512550_38515410_plus,74
eRNA_chr13_73950440_73950640_minus,74
eRNA_chrX_79254340_79265970_plus,74
eRNA_chr9_3574670_3576870_plus,74
eRNA_chr8_120748380_120748530_minus,74
eRNA_chr2_181373500_181374550_plus,74
eRNA_chr16_27419910_27421550_plus,74
eRNA_chr2_181310830_181315100_plus,74
eRNA_chr13_73712970_73713100_minus,74
eRNA_chr4_163540950_163542480_minus,74
eRNA_chr22_41862030_41863580_plus,74
eRNA_chr6_127736340_127739460_minus,74
eRNA_chr7_92698670_92698800_minus,74
eRNA_chr7_92698320_92698520_minus,74
eRNA_chr18_63176930_63188600_minus,74
eRNA_chr3_23328550_23330860_plus,74
eRNA_chr6_127739680_127741000_minus,74
eRNA_chr18_63140020_63140330_minus,74
eRNA_chr7_92720080_92720820_minus,74
eRNA_chr7_92652970_92653240_minus,74
eRNA_chr9_3607710_3610130_plus,74
eRNA_chr3_23376050_23379200_plus,74
eRNA_chr2_181347870_181350570_plus,74
eRNA_chr7_92812250_92812810_minus,74
eRNA_chr16_78796640_78804600_plus,74
eRNA_chr6_90068300_90069670_minus,74
eRNA_chr6_90161490_90166200_minus,74
eRNA_chr6_90110610_90112470_minus,74
eRNA_chr2_181406610_181408450_plus,74
eRNA_chr16_78787600_78795010_plus,74
eRNA_chr7_18552340_18555590_plus,74
eRNA_chr7_92708360_92708500_minus,74
eRNA_chr6_127732230_127734070_minus,74
eRNA_chr6_90175840_90180210_minus,74
eRNA_chr18_63287760_63293450_minus,74
eRNA_chr16_78891720_78893980_plus,74
eRNA_chr16_78805290_78811230_plus,74
eRNA_chr18_63227270_63230220_minus,74
eRNA_chr18_63230640_63235470_minus,74
eRNA_chr6_90124400_90124840_minus,74
eRNA_chrX_79218460_79223580_plus,74
eRNA_chr18_63202070_63205710_minus,74
eRNA_chr6_90141770_90143820_minus,74
eRNA_chr16_78757760_78766630_plus,74
eRNA_chr3_112491460_112491600_minus,74
eRNA_chr6_90152020_90153490_minus,74
eRNA_chr5_88735790_88735920_minus,74
eRNA_chr7_92709760_92709900_minus,74
eRNA_chr6_90119710_90121150_minus,74
eRNA_chr18_63174330_63174470_minus,74
eRNA_chr16_78833770_78837920_plus,74
eRNA_chr10_74167470_74167810_plus,74
eRNA_chr16_78782450_78785540_plus,74
eRNA_chrX_56395070_56397080_plus,74
eRNA_chr3_23251410_23251550_plus,74
circRNA_chr1_17341942_17342402_plus,74
circRNA_chrX_148651998_148662768_plus,74
circRNA_chr16_31361835_31362753_plus,74
circRNA_chr18_76441244_76443211_minus,74
circRNA_chr16_24032135_24035547_plus,74
circRNA_chr10_5794884_5800705_minus,74
circRNA_chr11_47358843_47375729_minus,74
circRNA_chr21_37420298_37421866_plus,74
circRNA_chr3_196064308_196069568_minus,74
